season,abbreviation,playoffs,x3p,x3p_percent,x3pa,pts
2025,ATL,1,1107,0.358,3089,9691
2025,BOS,1,1457,0.368,3955,9534
2025,BRK,0,1113,0.344,3232,8619
2025,CHI,1,1266,0.367,3447,9660
2025,CHO,0,1065,0.339,3143,8618
2025,CLE,1,1303,0.383,3401,9999
2025,DAL,1,1020,0.364,2801,9364
2025,DEN,1,984,0.376,2619,9902
2025,DET,1,1051,0.362,2901,9471
2025,GSW,1,1264,0.364,3475,9331
2025,HOU,1,1038,0.353,2938,9372
2025,IND,1,1081,0.368,2934,9624
2025,LAC,1,1022,0.373,2738,9256
2025,LAL,1,1092,0.366,2981,9298
2025,MEM,1,1141,0.367,3107,9980
2025,MIA,1,1124,0.367,3060,9069
2025,MIL,1,1161,0.387,3003,9472
2025,MIN,1,1233,0.377,3269,9372
2025,NOP,0,986,0.347,2839,9006
2025,NYK,1,1031,0.369,2794,9494
2025,OKC,1,1192,0.374,3184,9881
2025,ORL,1,921,0.318,2892,8645
2025,PHI,0,1041,0.341,3050,8988
2025,PHO,0,1176,0.378,3112,9317
2025,POR,0,1057,0.342,3095,9093
2025,SAC,1,1032,0.357,2887,9490
2025,SAS,0,1158,0.357,3246,9342
2025,TOR,0,969,0.348,2786,9091
2025,UTA,0,1144,0.35,3267,9175
2025,WAS,0,1075,0.335,3210,8856
2024,ATL,0,1125,0.364,3092,9703
2024,BOS,1,1351,0.388,3482,9887
2024,BRK,0,1089,0.362,3010,9050
2024,CHI,0,941,0.358,2630,9206
2024,CHO,0,989,0.355,2788,8740
2024,CLE,1,1108,0.367,3016,9236
2024,DAL,1,1197,0.369,3242,9664
2024,DEN,1,958,0.374,2560,9418
2024,DET,0,906,0.348,2602,9010
2024,GSW,0,1211,0.38,3191,9657
2024,HOU,0,1043,0.352,2964,9375
2024,IND,1,1082,0.374,2891,10110
2024,LAC,1,1036,0.381,2719,9481
2024,LAL,1,969,0.377,2572,9679
2024,MEM,0,1071,0.346,3097,8677
2024,MIA,1,1022,0.37,2765,9032
2024,MIL,1,1163,0.373,3122,9756
2024,MIN,1,1037,0.387,2681,9264
2024,NOP,1,1023,0.383,2673,9436
2024,NYK,1,1083,0.369,2936,9249
2024,OKC,1,1090,0.389,2805,9847
2024,ORL,1,903,0.352,2568,9058
2024,PHI,1,992,0.363,2733,9397
2024,PHO,1,1020,0.382,2671,9532
2024,POR,0,939,0.345,2723,8722
2024,SAC,0,1178,0.366,3219,9558
2024,SAS,0,1036,0.347,2983,9192
2024,TOR,0,942,0.347,2712,9213
2024,UTA,0,1060,0.354,2993,9484
2024,WAS,0,1015,0.348,2915,9327
2023,ATL,1,882,0.352,2505,9711
2023,BOS,1,1315,0.377,3492,9671
2023,BRK,1,1048,0.378,2771,9295
2023,CHI,0,854,0.361,2367,9276
2023,CHO,0,881,0.33,2669,9098
2023,CLE,1,950,0.367,2589,9205
2023,DAL,0,1246,0.371,3362,9366
2023,DEN,1,969,0.379,2559,9495
2023,DET,0,934,0.351,2659,9045
2023,GSW,1,1363,0.385,3540,9753
2023,HOU,0,856,0.327,2619,9081
2023,IND,0,1112,0.367,3030,9535
2023,LAC,1,1041,0.381,2735,9314
2023,LAL,1,885,0.346,2558,9608
2023,MEM,1,985,0.351,2807,9587
2023,MIA,1,980,0.344,2852,8977
2023,MIL,1,1217,0.368,3306,9589
2023,MIN,1,997,0.365,2731,9494
2023,NOP,0,899,0.364,2468,9378
2023,NYK,1,1037,0.354,2930,9514
2023,OKC,0,995,0.356,2797,9633
2023,ORL,0,883,0.346,2551,9136
2023,PHI,1,1035,0.387,2675,9448
2023,PHO,1,1001,0.374,2674,9319
2023,POR,0,1056,0.365,2893,9299
2023,SAC,1,1128,0.369,3060,9898
2023,SAS,0,911,0.345,2640,9269
2023,TOR,0,880,0.335,2626,9254
2023,UTA,0,1094,0.353,3099,9600
2023,WAS,0,925,0.356,2601,9279
2022,ATL,1,1056,0.374,2821,9343
2022,BOS,1,1085,0.356,3044,9164
2022,BRK,1,940,0.361,2602,9258
2022,CHI,1,872,0.369,2364,9152
2022,CHO,0,1143,0.365,3130,9457
2022,CLE,0,953,0.355,2686,8839
2022,DAL,1,1073,0.35,3063,8858
2022,DEN,1,1039,0.353,2944,9243
2022,DET,0,925,0.326,2838,8596
2022,GSW,1,1176,0.364,3231,9102
2022,HOU,0,1105,0.349,3170,8997
2022,IND,0,997,0.344,2899,9140
2022,LAC,0,1047,0.374,2802,8890
2022,LAL,0,982,0.347,2826,9192
2022,MEM,1,945,0.353,2679,9480
2022,MIA,1,1114,0.379,2936,9022
2022,MIL,1,1153,0.366,3151,9470
2022,MIN,1,1211,0.358,3386,9507
2022,NOP,1,873,0.332,2629,8962
2022,NYK,0,1082,0.357,3029,8731
2022,OKC,0,991,0.323,3066,8506
2022,ORL,0,999,0.331,3022,8547
2022,PHI,1,950,0.364,2608,9015
2022,PHO,1,951,0.364,2616,9416
2022,POR,0,1043,0.346,3017,8711
2022,SAC,0,937,0.344,2722,9045
2022,SAS,0,925,0.352,2626,9279
2022,TOR,1,979,0.349,2808,8970
2022,UTA,1,1192,0.36,3308,9316
2022,WAS,0,860,0.342,2512,8907
2021,ATL,1,895,0.373,2402,8186
2021,BOS,1,979,0.374,2618,8109
2021,BRK,1,1020,0.392,2600,8537
2021,CHI,0,904,0.37,2446,7969
2021,CHO,0,985,0.369,2666,7881
2021,CLE,0,720,0.336,2141,7476
2021,DAL,1,994,0.362,2744,8096
2021,DEN,1,927,0.377,2462,8284
2021,DET,0,832,0.351,2370,7676
2021,GSW,0,1048,0.376,2789,8187
2021,HOU,0,992,0.339,2923,7833
2021,IND,0,889,0.364,2445,8302
2021,LAC,1,1027,0.411,2498,8209
2021,LAL,1,796,0.354,2248,7887
2021,MEM,1,803,0.356,2258,8157
2021,MIA,1,932,0.358,2606,7781
2021,MIL,1,1038,0.389,2669,8649
2021,MIN,0,944,0.349,2706,8073
2021,NOP,0,762,0.348,2190,8251
2021,NYK,1,847,0.392,2163,7706
2021,OKC,0,857,0.339,2529,7560
2021,ORL,0,784,0.343,2288,7488
2021,PHI,1,811,0.374,2169,8182
2021,PHO,1,940,0.378,2490,8300
2021,POR,1,1132,0.385,2939,8360
2021,SAC,0,874,0.364,2400,8189
2021,SAS,0,716,0.35,2046,7998
2021,TOR,0,1041,0.368,2831,8011
2021,UTA,1,1205,0.389,3098,8382
2021,WAS,1,733,0.351,2088,8398
2020,ATL,0,805,0.333,2416,7488
2020,BOS,1,905,0.364,2487,8183
2020,BRK,1,941,0.343,2746,8048
2020,CHI,0,793,0.348,2282,6945
2020,CHO,0,785,0.352,2231,6687
2020,CLE,0,727,0.351,2070,6948
2020,DAL,1,1136,0.367,3095,8776
2020,DEN,1,801,0.359,2234,8124
2020,DET,0,791,0.367,2157,7078
2020,GSW,0,678,0.334,2032,6912
2020,HOU,1,1126,0.345,3261,8482
2020,IND,1,743,0.363,2046,7989
2020,LAC,1,895,0.371,2410,8377
2020,LAL,1,782,0.349,2242,8054
2020,MEM,0,798,0.347,2297,8222
2020,MIA,1,979,0.379,2584,8179
2020,MIL,1,1007,0.355,2840,8663
2020,MIN,0,853,0.336,2540,7248
2020,NOP,0,982,0.37,2656,8341
2020,NYK,0,631,0.337,1872,6983
2020,OKC,1,770,0.355,2171,7950
2020,ORL,1,807,0.343,2354,7831
2020,PHI,1,848,0.368,2307,8084
2020,PHO,0,831,0.358,2320,8294
2020,POR,1,952,0.377,2525,8508
2020,SAC,0,914,0.364,2511,7927
2020,SAS,0,760,0.376,2021,8098
2020,TOR,1,995,0.374,2663,8118
2020,UTA,1,963,0.38,2537,8013
2020,WAS,0,864,0.368,2345,8238
2019,ATL,0,1067,0.352,3034,9294
2019,BOS,1,1032,0.365,2829,9216
2019,BRK,1,1047,0.353,2965,9204
2019,CHI,0,745,0.351,2123,8605
2019,CHO,0,977,0.351,2783,9081
2019,CLE,0,847,0.355,2388,8567
2019,DAL,0,1022,0.34,3002,8927
2019,DEN,1,903,0.351,2571,9075
2019,DET,1,993,0.348,2854,8778
2019,GSW,1,1087,0.385,2824,9650
2019,HOU,1,1323,0.356,3721,9341
2019,IND,1,779,0.374,2081,8857
2019,LAC,1,821,0.388,2118,9442
2019,LAL,0,847,0.333,2541,9165
2019,MEM,0,811,0.342,2368,8490
2019,MIA,0,928,0.349,2658,8668
2019,MIL,1,1105,0.353,3134,9686
2019,MIN,0,827,0.351,2357,9223
2019,NOP,0,842,0.344,2449,9466
2019,NYK,0,823,0.34,2421,8575
2019,OKC,1,932,0.348,2677,9387
2019,ORL,1,937,0.356,2633,8800
2019,PHI,1,889,0.359,2474,9445
2019,PHO,0,790,0.329,2400,8815
2019,POR,1,904,0.359,2520,9402
2019,SAC,0,927,0.378,2455,9363
2019,SAS,1,812,0.392,2071,9156
2019,TOR,1,1015,0.366,2771,9384
2019,UTA,1,993,0.356,2789,9161
2019,WAS,0,930,0.341,2731,9350
2018,ATL,0,917,0.36,2544,8475
2018,BOS,1,939,0.377,2492,8529
2018,BRK,0,1041,0.356,2924,8741
2018,CHI,0,906,0.355,2549,8440
2018,CHO,0,824,0.369,2233,8874
2018,CLE,1,981,0.372,2636,9091
2018,DAL,0,967,0.36,2688,8390
2018,DEN,0,940,0.371,2536,9020
2018,DET,0,886,0.373,2373,8509
2018,GSW,1,926,0.391,2370,9304
2018,HOU,1,1256,0.362,3470,9213
2018,IND,1,741,0.369,2010,8656
2018,LAC,0,777,0.354,2196,8937
2018,LAL,0,822,0.345,2384,8862
2018,MEM,0,758,0.352,2152,8145
2018,MIA,1,903,0.36,2506,8480
2018,MIL,1,718,0.355,2024,8731
2018,MIN,1,658,0.357,1845,8980
2018,NOP,1,837,0.362,2312,9161
2018,NYK,0,673,0.352,1914,8566
2018,OKC,1,881,0.354,2491,8844
2018,ORL,0,844,0.351,2405,8479
2018,PHI,1,901,0.369,2445,9004
2018,PHO,0,763,0.334,2286,8522
2018,POR,1,845,0.366,2308,8661
2018,SAC,0,738,0.375,1967,8104
2018,SAS,1,696,0.352,1977,8424
2018,TOR,1,968,0.358,2705,9156
2018,UTA,1,887,0.366,2425,8540
2018,WAS,1,814,0.375,2173,8742
2017,ATL,1,729,0.341,2137,8459
2017,BOS,1,985,0.359,2742,8857
2017,BRK,0,877,0.338,2591,8673
2017,CHI,1,623,0.34,1831,8435
2017,CHO,0,824,0.351,2347,8601
2017,CLE,1,1067,0.384,2779,9048
2017,DAL,0,878,0.355,2473,8029
2017,DEN,0,870,0.368,2365,9161
2017,DET,0,631,0.33,1915,8309
2017,GSW,1,982,0.383,2562,9503
2017,HOU,1,1181,0.357,3306,9458
2017,IND,1,709,0.376,1885,8618
2017,LAC,1,841,0.375,2245,8911
2017,LAL,0,730,0.346,2110,8575
2017,MEM,1,767,0.354,2169,8239
2017,MIA,0,808,0.365,2213,8460
2017,MIL,1,720,0.37,1946,8497
2017,MIN,0,601,0.349,1723,8657
2017,NOP,0,768,0.35,2196,8556
2017,NYK,0,704,0.348,2022,8556
2017,OKC,1,692,0.327,2116,8741
2017,ORL,0,701,0.328,2139,8288
2017,PHI,0,831,0.34,2443,8400
2017,PHO,0,615,0.332,1854,8831
2017,POR,1,852,0.375,2272,8851
2017,SAC,0,737,0.376,1960,8430
2017,SAS,1,753,0.391,1927,8637
2017,TOR,1,725,0.363,1996,8762
2017,UTA,1,791,0.372,2128,8258
2017,WAS,1,756,0.372,2030,8953
2016,ATL,1,815,0.35,2326,8433
2016,BOS,1,717,0.335,2142,8669
2016,BRK,0,531,0.352,1508,8089
2016,CHI,0,651,0.371,1753,8335
2016,CHO,1,873,0.362,2410,8479
2016,CLE,1,880,0.362,2428,8555
2016,DAL,1,806,0.344,2342,8388
2016,DEN,0,656,0.338,1943,8355
2016,DET,1,740,0.345,2148,8361
2016,GSW,1,1077,0.416,2592,9421
2016,HOU,1,878,0.347,2533,8737
2016,IND,1,663,0.351,1889,8377
2016,LAC,1,797,0.364,2190,8569
2016,LAL,0,639,0.317,2016,7982
2016,MEM,1,504,0.331,1521,8126
2016,MIA,1,498,0.336,1480,8204
2016,MIL,0,440,0.345,1277,8122
2016,MIN,0,455,0.338,1347,8398
2016,NOP,0,702,0.36,1951,8423
2016,NYK,0,610,0.346,1762,8065
2016,OKC,1,678,0.349,1945,9038
2016,ORL,0,636,0.35,1818,8369
2016,PHI,0,764,0.339,2255,7988
2016,PHO,0,738,0.348,2118,8271
2016,POR,1,864,0.37,2336,8622
2016,SAC,0,660,0.359,1839,8740
2016,SAS,1,570,0.375,1518,8490
2016,TOR,1,708,0.37,1915,8422
2016,UTA,0,694,0.355,1956,8010
2016,WAS,0,709,0.358,1983,8534
2015,ATL,1,818,0.38,2152,8409
2015,BOS,1,660,0.327,2021,8312
2015,BRK,1,541,0.331,1633,8038
2015,CHI,1,645,0.353,1825,8265
2015,CHO,0,498,0.318,1566,7721
2015,CLE,1,826,0.367,2253,8457
2015,DAL,1,732,0.352,2082,8628
2015,DEN,0,660,0.325,2032,8320
2015,DET,0,703,0.344,2043,8077
2015,GSW,1,883,0.398,2217,9016
2015,HOU,1,933,0.348,2680,8522
2015,IND,0,612,0.352,1740,7981
2015,LAC,1,827,0.376,2202,8751
2015,LAL,0,532,0.344,1546,8073
2015,MEM,1,423,0.339,1246,8062
2015,MIA,0,556,0.335,1659,7764
2015,MIL,1,545,0.363,1500,8023
2015,MIN,0,406,0.332,1223,8016
2015,NOP,1,586,0.37,1583,8147
2015,NYK,0,560,0.347,1614,7535
2015,OKC,0,632,0.339,1864,8524
2015,ORL,0,554,0.347,1598,7847
2015,PHI,0,692,0.32,2160,7542
2015,PHO,0,698,0.341,2048,8397
2015,POR,1,807,0.362,2231,8429
2015,SAC,0,461,0.341,1350,8310
2015,SAS,1,677,0.367,1847,8461
2015,TOR,1,726,0.352,2060,8527
2015,UTA,0,610,0.343,1781,7801
2015,WAS,1,497,0.36,1381,8080
2014,ATL,1,768,0.363,2116,8282
2014,BOS,0,575,0.333,1729,7892
2014,BRK,1,709,0.369,1922,8079
2014,CHA,1,516,0.351,1471,7942
2014,CHI,1,508,0.348,1459,7680
2014,CLE,0,584,0.356,1640,8054
2014,DAL,1,721,0.384,1877,8597
2014,DEN,0,702,0.358,1959,8559
2014,DET,0,507,0.321,1580,8286
2014,GSW,1,774,0.38,2037,8549
2014,HOU,1,779,0.358,2179,8829
2014,IND,1,550,0.357,1542,7933
2014,LAC,1,693,0.352,1966,8850
2014,LAL,0,774,0.381,2032,8442
2014,MEM,1,405,0.353,1147,7884
2014,MIA,1,665,0.364,1829,8380
2014,MIL,0,548,0.353,1553,7829
2014,MIN,0,600,0.341,1757,8768
2014,NOP,0,486,0.373,1303,8177
2014,NYK,0,759,0.372,2038,8084
2014,OKC,1,664,0.361,1839,8705
2014,ORL,0,563,0.353,1596,7914
2014,PHI,0,577,0.312,1847,8155
2014,PHO,0,765,0.372,2055,8629
2014,POR,1,770,0.372,2071,8753
2014,SAC,0,491,0.333,1475,8241
2014,SAS,1,698,0.397,1757,8639
2014,TOR,1,713,0.372,1917,8305
2014,UTA,0,543,0.344,1577,7791
2014,WAS,1,647,0.38,1704,8254
2013,ATL,1,706,0.371,1901,8032
2013,BOS,1,498,0.358,1390,7818
2013,BRK,1,628,0.357,1760,7944
2013,CHA,0,469,0.335,1399,7661
2013,CHI,1,446,0.353,1265,7641
2013,CLE,0,547,0.346,1581,7913
2013,DAL,0,606,0.372,1628,8293
2013,DEN,1,521,0.343,1518,8704
2013,DET,0,513,0.356,1440,7778
2013,GSW,1,658,0.403,1632,8296
2013,HOU,1,867,0.366,2369,8688
2013,IND,1,555,0.347,1599,7674
2013,LAC,1,627,0.358,1752,8289
2013,LAL,1,715,0.355,2015,8381
2013,MEM,1,382,0.345,1107,7659
2013,MIA,1,717,0.396,1809,8436
2013,MIL,1,601,0.36,1670,8108
2013,MIN,0,450,0.305,1475,7851
2013,NOH,0,535,0.363,1474,7714
2013,NYK,1,891,0.376,2371,8196
2013,OKC,1,598,0.377,1588,8669
2013,ORL,0,506,0.329,1537,7718
2013,PHI,0,518,0.36,1438,7640
2013,PHO,0,480,0.33,1455,7805
2013,POR,0,673,0.353,1904,7995
2013,SAC,0,610,0.363,1681,8219
2013,SAS,1,663,0.376,1764,8448
2013,TOR,0,571,0.343,1665,7971
2013,UTA,0,507,0.366,1385,8038
2013,WAS,0,545,0.365,1495,7644
2012,ATL,1,492,0.37,1330,6375
2012,BOS,1,363,0.367,988,6062
2012,CHA,0,263,0.295,892,5739
2012,CHI,1,419,0.375,1117,6359
2012,CLE,0,440,0.346,1273,6140
2012,DAL,1,497,0.339,1464,6322
2012,DEN,1,435,0.332,1311,6872
2012,DET,0,317,0.346,916,5997
2012,GSW,0,524,0.388,1351,6453
2012,HOU,0,478,0.359,1330,6474
2012,IND,1,392,0.368,1064,6449
2012,LAC,1,514,0.357,1441,6438
2012,LAL,1,362,0.326,1112,6422
2012,MEM,1,277,0.326,849,6269
2012,MIA,1,370,0.359,1030,6500
2012,MIL,0,436,0.345,1265,6535
2012,MIN,0,473,0.332,1423,6464
2012,NJN,0,507,0.342,1481,6144
2012,NOH,0,259,0.333,777,5916
2012,NYK,1,517,0.336,1538,6458
2012,OKC,1,472,0.358,1317,6802
2012,ORL,1,670,0.375,1785,6215
2012,PHI,1,349,0.362,963,6180
2012,PHO,0,444,0.343,1295,6492
2012,POR,0,478,0.346,1382,6415
2012,SAC,0,411,0.316,1301,6518
2012,SAS,1,552,0.393,1405,6841
2012,TOR,0,365,0.34,1075,5986
2012,UTA,1,273,0.323,845,6577
2012,WAS,0,344,0.32,1075,6180
2011,ATL,1,502,0.352,1427,7790
2011,BOS,1,408,0.365,1119,7913
2011,CHA,0,393,0.327,1203,7650
2011,CHI,1,511,0.361,1415,8087
2011,CLE,0,509,0.342,1489,7827
2011,DAL,1,645,0.365,1768,8220
2011,DEN,1,662,0.388,1704,8811
2011,DET,0,472,0.376,1256,7951
2011,GSW,0,685,0.392,1749,8477
2011,HOU,0,677,0.367,1843,8685
2011,IND,1,585,0.354,1653,8183
2011,LAC,0,513,0.338,1519,8089
2011,LAL,1,524,0.352,1487,8321
2011,MEM,1,309,0.334,926,8195
2011,MIA,1,547,0.37,1479,8369
2011,MIL,0,483,0.342,1414,7534
2011,MIN,0,589,0.376,1565,8288
2011,NJN,0,459,0.343,1337,7722
2011,NOH,1,444,0.36,1232,7784
2011,NYK,1,765,0.368,2081,8734
2011,OKC,1,487,0.347,1403,8596
2011,ORL,1,770,0.366,2103,8135
2011,PHI,1,443,0.355,1248,8119
2011,PHO,0,701,0.377,1857,8611
2011,POR,1,518,0.345,1503,7896
2011,SAC,0,428,0.335,1277,8151
2011,SAS,1,685,0.397,1727,8502
2011,TOR,0,345,0.316,1091,8124
2011,UTA,0,435,0.346,1256,8153
2011,WAS,0,392,0.332,1182,7977
2010,ATL,1,524,0.36,1455,8338
2010,BOS,1,499,0.348,1433,8136
2010,CHA,1,460,0.346,1331,7813
2010,CHI,1,352,0.33,1066,7993
2010,CLE,1,602,0.381,1582,8373
2010,DAL,1,558,0.372,1498,8364
2010,DEN,1,544,0.359,1517,8729
2010,DET,0,374,0.314,1190,7709
2010,GSW,0,633,0.375,1687,8922
2010,HOU,0,646,0.351,1838,8395
2010,IND,0,659,0.348,1896,8263
2010,LAC,0,483,0.332,1457,7849
2010,LAL,1,532,0.341,1562,8339
2010,MEM,0,344,0.337,1020,8404
2010,MIA,1,494,0.346,1426,7914
2010,MIL,1,645,0.356,1813,8009
2010,MIN,0,403,0.341,1181,8051
2010,NJN,0,377,0.318,1185,7575
2010,NOH,0,571,0.363,1572,8220
2010,NYK,0,743,0.346,2145,8373
2010,OKC,1,418,0.34,1229,8322
2010,ORL,1,841,0.375,2241,8426
2010,PHI,0,474,0.343,1381,8014
2010,PHO,1,730,0.412,1770,9039
2010,POR,1,491,0.354,1388,8045
2010,SAC,0,482,0.349,1383,8200
2010,SAS,1,554,0.358,1547,8312
2010,TOR,0,518,0.371,1397,8534
2010,UTA,1,439,0.364,1207,8547
2010,WAS,0,432,0.353,1225,7892
2009,ATL,1,597,0.366,1633,8046
2009,BOS,1,538,0.397,1355,8275
2009,CHA,0,490,0.366,1339,7677
2009,CHI,1,493,0.381,1293,8378
2009,CLE,1,656,0.393,1670,8223
2009,DAL,1,571,0.35,1632,8343
2009,DEN,1,548,0.371,1477,8555
2009,DET,1,377,0.349,1079,7727
2009,GSW,0,550,0.373,1475,8905
2009,HOU,1,621,0.375,1656,8070
2009,IND,0,652,0.378,1725,8617
2009,LAC,0,535,0.354,1513,7799
2009,LAL,1,547,0.361,1516,8768
2009,MEM,0,398,0.36,1106,7698
2009,MIA,1,582,0.357,1631,8061
2009,MIL,0,511,0.363,1408,8142
2009,MIN,0,543,0.353,1539,8019
2009,NJN,0,652,0.376,1735,8044
2009,NOH,1,556,0.364,1526,7857
2009,NYK,0,823,0.36,2284,8627
2009,OKC,0,328,0.346,949,7952
2009,ORL,1,817,0.381,2147,8286
2009,PHI,1,341,0.318,1072,7987
2009,PHO,0,553,0.383,1445,8974
2009,POR,1,596,0.383,1555,8153
2009,SAC,0,586,0.368,1594,8248
2009,SAS,1,625,0.386,1620,7958
2009,TOR,0,479,0.372,1289,8121
2009,UTA,1,392,0.349,1122,8492
2009,WAS,0,395,0.33,1198,7877
2008,ATL,1,384,0.356,1078,8054
2008,BOS,1,596,0.381,1564,8245
2008,CHA,0,529,0.367,1443,7959
2008,CHI,0,474,0.363,1305,7981
2008,CLE,1,552,0.358,1544,7903
2008,DAL,1,494,0.352,1403,8234
2008,DEN,1,569,0.355,1605,9074
2008,DET,1,487,0.366,1330,7992
2008,GSW,0,761,0.348,2185,9105
2008,HOU,1,583,0.342,1707,7931
2008,IND,0,755,0.374,2021,8527
2008,LAC,0,350,0.324,1079,7692
2008,LAL,1,662,0.378,1751,8904
2008,MEM,0,620,0.349,1779,8257
2008,MIA,0,491,0.358,1373,7491
2008,MIL,0,452,0.344,1313,7956
2008,MIN,0,441,0.35,1259,7839
2008,NJN,0,498,0.348,1430,7857
2008,NOH,1,630,0.389,1621,8270
2008,NYK,0,490,0.337,1454,7948
2008,ORL,1,801,0.386,2074,8567
2008,PHI,1,302,0.317,952,7923
2008,PHO,1,694,0.393,1764,9026
2008,POR,0,538,0.377,1426,7820
2008,SAC,0,510,0.373,1367,8408
2008,SAS,1,594,0.369,1610,7820
2008,SEA,0,313,0.333,939,7999
2008,TOR,1,572,0.392,1459,8215
2008,UTA,1,407,0.372,1095,8710
2008,WAS,1,575,0.356,1614,8104
2007,ATL,0,341,0.329,1038,7680
2007,BOS,0,471,0.367,1283,7857
2007,CHA,0,457,0.357,1280,7945
2007,CHI,1,480,0.388,1237,8100
2007,CLE,1,494,0.352,1404,7934
2007,DAL,1,535,0.381,1404,8201
2007,DEN,1,484,0.336,1440,8639
2007,DET,1,449,0.344,1305,7872
2007,GSW,1,700,0.356,1967,8737
2007,HOU,1,705,0.372,1893,7953
2007,IND,0,481,0.346,1389,7840
2007,LAC,0,314,0.348,903,7843
2007,LAL,1,608,0.353,1724,8474
2007,MEM,0,500,0.367,1362,8331
2007,MIA,1,528,0.343,1539,7759
2007,MIL,0,524,0.356,1472,8172
2007,MIN,0,384,0.353,1089,7877
2007,NJN,1,609,0.363,1676,8001
2007,NOK,0,455,0.362,1256,7833
2007,NYK,0,474,0.346,1370,7994
2007,ORL,1,342,0.356,962,7771
2007,PHI,0,284,0.345,823,7785
2007,PHO,1,785,0.399,1965,9037
2007,POR,0,426,0.346,1232,7717
2007,SAC,0,530,0.35,1513,8303
2007,SAS,1,595,0.381,1561,8079
2007,SEA,0,525,0.362,1451,8130
2007,TOR,1,531,0.363,1464,8157
2007,UTA,1,354,0.335,1056,8322
2007,WAS,1,561,0.348,1614,8556
2006,ATL,0,424,0.367,1154,7972
2006,BOS,0,467,0.362,1290,8033
2006,CHA,0,428,0.339,1261,7943
2006,CHI,1,560,0.379,1477,8020
2006,CLE,1,497,0.339,1465,8002
2006,DAL,1,416,0.374,1113,8130
2006,DEN,1,350,0.325,1076,8227
2006,DET,1,557,0.384,1451,7941
2006,GSW,0,625,0.341,1832,8076
2006,HOU,0,469,0.332,1414,7387
2006,IND,1,536,0.349,1536,7699
2006,LAC,1,290,0.344,843,7970
2006,LAL,1,552,0.349,1583,8154
2006,MEM,1,590,0.374,1578,7558
2006,MIA,1,497,0.345,1441,8191
2006,MIL,1,507,0.38,1335,8020
2006,MIN,0,310,0.329,942,7522
2006,NJN,1,477,0.33,1447,7691
2006,NOK,0,300,0.339,885,7611
2006,NYK,0,320,0.362,884,7842
2006,ORL,0,299,0.376,796,7784
2006,PHI,0,375,0.364,1031,8147
2006,PHO,1,837,0.399,2097,8886
2006,POR,0,364,0.349,1042,7285
2006,SAC,1,494,0.351,1408,8106
2006,SAS,1,524,0.385,1362,7837
2006,SEA,0,605,0.371,1631,8411
2006,TOR,0,608,0.375,1620,8287
2006,UTA,0,311,0.336,925,7573
2006,WAS,1,497,0.357,1394,8336
2005,ATL,0,304,0.312,973,7605
2005,BOS,1,437,0.349,1252,8304
2005,CHA,0,320,0.363,881,7729
2005,CHI,1,511,0.357,1433,7745
2005,CLE,0,300,0.332,904,7914
2005,DAL,1,463,0.364,1273,8405
2005,DEN,1,320,0.34,940,8161
2005,DET,1,363,0.345,1053,7653
2005,GSW,0,624,0.352,1774,8094
2005,HOU,1,553,0.364,1521,7796
2005,IND,1,542,0.344,1575,7626
2005,LAC,0,231,0.345,669,7849
2005,LAL,0,644,0.355,1813,8095
2005,MEM,1,531,0.357,1486,7661
2005,MIA,1,475,0.377,1260,8327
2005,MIL,0,325,0.351,925,7973
2005,MIN,0,395,0.345,1145,7934
2005,NJN,1,435,0.362,1203,7496
2005,NOH,0,415,0.315,1316,7252
2005,NYK,0,441,0.356,1240,7977
2005,ORL,0,320,0.349,916,8160
2005,PHI,1,505,0.348,1453,8128
2005,PHO,1,796,0.393,2026,9054
2005,POR,0,420,0.362,1161,7621
2005,SAC,1,522,0.374,1396,8505
2005,SAS,1,507,0.363,1395,7888
2005,SEA,1,666,0.365,1824,8113
2005,TOR,0,648,0.385,1681,8178
2005,UTA,0,250,0.328,762,7625
2005,WAS,1,514,0.343,1498,8241
2004,ATL,0,419,0.335,1249,7611
2004,BOS,1,553,0.346,1599,7811
2004,CHI,0,429,0.342,1256,7355
2004,CLE,0,247,0.314,786,7619
2004,DAL,1,507,0.348,1456,8626
2004,DEN,1,331,0.336,985,7972
2004,DET,1,333,0.344,968,7388
2004,GSW,0,429,0.334,1283,7649
2004,HOU,1,515,0.366,1406,7362
2004,IND,1,449,0.351,1281,7493
2004,LAC,0,329,0.321,1024,7771
2004,LAL,1,365,0.327,1115,8052
2004,MEM,1,447,0.34,1314,7930
2004,MIA,1,485,0.357,1357,7402
2004,MIL,1,401,0.35,1145,8039
2004,MIN,1,326,0.363,897,7753
2004,NJN,1,377,0.336,1123,7401
2004,NOH,1,531,0.319,1666,7529
2004,NYK,1,406,0.364,1115,7542
2004,ORL,0,429,0.344,1248,7711
2004,PHI,0,339,0.342,992,7215
2004,PHO,0,415,0.345,1202,7723
2004,POR,0,381,0.346,1102,7440
2004,SAC,1,601,0.401,1498,8433
2004,SAS,1,408,0.358,1140,7501
2004,SEA,0,723,0.373,1936,7964
2004,TOR,0,461,0.356,1294,7006
2004,UTA,0,252,0.321,786,7271
2004,WAS,0,433,0.341,1269,7528
2003,ATL,0,402,0.352,1141,7714
2003,BOS,1,719,0.334,2155,7599
2003,CHI,0,349,0.35,997,7786
2003,CLE,0,293,0.327,896,7495
2003,DAL,1,636,0.381,1668,8444
2003,DEN,0,229,0.278,824,6901
2003,DET,1,533,0.358,1488,7492
2003,GSW,0,425,0.344,1235,8400
2003,HOU,0,439,0.346,1267,7688
2003,IND,1,379,0.339,1119,7940
2003,LAC,0,390,0.331,1178,7693
2003,LAL,1,486,0.356,1367,8230
2003,MEM,0,467,0.365,1279,7995
2003,MIA,0,348,0.316,1100,7016
2003,MIL,1,585,0.383,1526,8158
2003,MIN,1,296,0.368,804,8046
2003,NJN,1,346,0.332,1041,7820
2003,NOH,1,404,0.376,1075,7699
2003,NYK,0,606,0.383,1582,7860
2003,ORL,1,568,0.357,1590,8078
2003,PHI,1,245,0.311,787,7941
2003,PHO,1,394,0.343,1149,7834
2003,POR,1,379,0.33,1150,7803
2003,SAC,1,491,0.381,1288,8342
2003,SAS,1,449,0.354,1270,7856
2003,SEA,0,456,0.353,1291,7555
2003,TOR,0,409,0.343,1193,7453
2003,UTA,1,224,0.349,641,7762
2003,WAS,0,253,0.312,811,7502
2002,ATL,0,423,0.354,1194,7711
2002,BOS,1,699,0.359,1946,7901
2002,CHH,1,346,0.348,994,7700
2002,CHI,0,300,0.346,868,7335
2002,CLE,0,387,0.377,1026,7812
2002,DAL,1,621,0.378,1645,8629
2002,DEN,0,423,0.329,1285,7559
2002,DET,1,567,0.376,1509,7735
2002,GSW,0,320,0.322,994,8009
2002,HOU,0,496,0.335,1480,7572
2002,IND,1,405,0.339,1195,7938
2002,LAC,0,408,0.356,1147,7846
2002,LAL,1,510,0.354,1439,8304
2002,MEM,0,336,0.307,1096,7372
2002,MIA,0,312,0.347,899,7150
2002,MIL,0,593,0.375,1583,7996
2002,MIN,1,396,0.378,1047,8145
2002,NJN,1,403,0.338,1194,7889
2002,NYK,0,474,0.353,1344,7514
2002,ORL,1,620,0.373,1660,8240
2002,PHI,1,214,0.299,715,7461
2002,PHO,0,358,0.327,1096,7802
2002,POR,1,466,0.354,1318,7925
2002,SAC,1,426,0.367,1160,8578
2002,SAS,1,438,0.362,1211,7932
2002,SEA,1,489,0.378,1292,8014
2002,TOR,1,387,0.349,1109,7494
2002,UTA,1,280,0.333,842,7871
2002,WAS,0,305,0.388,786,7609
2001,ATL,0,333,0.357,933,7459
2001,BOS,0,592,0.363,1633,7759
2001,CHH,1,340,0.346,984,7539
2001,CHI,0,329,0.346,950,7181
2001,CLE,0,220,0.334,659,7561
2001,DAL,1,517,0.381,1357,8239
2001,DEN,0,512,0.355,1444,7918
2001,DET,0,389,0.35,1112,7837
2001,GSW,0,282,0.293,964,7584
2001,HOU,0,504,0.357,1412,7972
2001,IND,1,396,0.342,1159,7591
2001,LAC,0,360,0.339,1063,7581
2001,LAL,1,439,0.344,1275,8251
2001,MIA,1,478,0.345,1384,7289
2001,MIL,1,562,0.379,1481,8260
2001,MIN,1,322,0.357,901,7982
2001,NJN,0,361,0.333,1084,7552
2001,NYK,1,391,0.351,1115,7275
2001,ORL,1,490,0.364,1346,7992
2001,PHI,1,262,0.326,803,7763
2001,PHO,1,332,0.315,1054,7710
2001,POR,1,369,0.349,1057,7824
2001,SAC,1,479,0.354,1353,8343
2001,SAS,1,445,0.407,1094,7886
2001,SEA,0,466,0.399,1169,7978
2001,TOR,1,429,0.369,1164,8007
2001,UTA,1,325,0.381,852,7959
2001,VAN,0,325,0.343,947,7522
2001,WAS,0,275,0.324,848,7645